-- phpMyAdmin SQL Dump
-- version 4.8.0.1
-- https://www.phpmyadmin.net/
--
-- Hôte : localhost
-- Généré le :  mar. 03 juil. 2018 à 19:12
-- Version du serveur :  10.1.32-MariaDB
-- Version de PHP :  7.2.5

SET SQL_MODE = "NO_AUTO_VALUE_ON_ZERO";
SET AUTOCOMMIT = 0;
START TRANSACTION;
SET time_zone = "+00:00";


/*!40101 SET @OLD_CHARACTER_SET_CLIENT=@@CHARACTER_SET_CLIENT */;
/*!40101 SET @OLD_CHARACTER_SET_RESULTS=@@CHARACTER_SET_RESULTS */;
/*!40101 SET @OLD_COLLATION_CONNECTION=@@COLLATION_CONNECTION */;
/*!40101 SET NAMES utf8mb4 */;

--
-- Base de données :  `test`
--

DELIMITER $$
--
-- Procédures
--
CREATE DEFINER=`` PROCEDURE `AddGeometryColumn` (`catalog` VARCHAR(64), `t_schema` VARCHAR(64), `t_name` VARCHAR(64), `geometry_column` VARCHAR(64), `t_srid` INT)  begin
  set @qwe= concat('ALTER TABLE ', t_schema, '.', t_name, ' ADD ', geometry_column,' GEOMETRY REF_SYSTEM_ID=', t_srid); PREPARE ls from @qwe; execute ls; deallocate prepare ls; end$$

CREATE DEFINER=`` PROCEDURE `DropGeometryColumn` (`catalog` VARCHAR(64), `t_schema` VARCHAR(64), `t_name` VARCHAR(64), `geometry_column` VARCHAR(64))  begin
  set @qwe= concat('ALTER TABLE ', t_schema, '.', t_name, ' DROP ', geometry_column); PREPARE ls from @qwe; execute ls; deallocate prepare ls; end$$

DELIMITER ;

-- --------------------------------------------------------

--
-- Structure de la table `role`
--

CREATE TABLE `role` (
  `role_id` int(11) NOT NULL,
  `role` varchar(255) DEFAULT NULL
) ENGINE=InnoDB DEFAULT CHARSET=latin1;

--
-- Déchargement des données de la table `role`
--

INSERT INTO `role` (`role_id`, `role`) VALUES
(1, 'ADMIN'),
(2, 'MANAGER'),
(3, 'USER'),
(4, 'SUPER');

-- --------------------------------------------------------

--
-- Structure de la table `user`
--

CREATE TABLE `user` (
  `user_id` int(11) NOT NULL,
  `active` int(11) DEFAULT NULL,
  `email` varchar(255) NOT NULL,
  `last_name` varchar(255) NOT NULL,
  `name` varchar(255) NOT NULL,
  `password` varchar(255) NOT NULL
) ENGINE=InnoDB DEFAULT CHARSET=latin1;

--
-- Déchargement des données de la table `user`
--

INSERT INTO `user` (`user_id`, `active`, `email`, `last_name`, `name`, `password`) VALUES
(1, 1, 'admin', 's', 'admin', 'admin'),
(2, 1, 'user', 's', 'user', 'user'),
(3, 1, 'manager', 'm', 'manager', 'manager'),
(4, 1, 'admin2', 's', 'admin2', 'admin2'),
(5, 1, 'all', 's', 'all', 'all');

-- --------------------------------------------------------

--
-- Structure de la table `user_role`
--

CREATE TABLE `user_role` (
  `user_id` int(11) NOT NULL,
  `role_id` int(11) NOT NULL
) ENGINE=InnoDB DEFAULT CHARSET=latin1;

--
-- Déchargement des données de la table `user_role`
--

INSERT INTO `user_role` (`user_id`, `role_id`) VALUES
(1, 1),
(2, 3),
(3, 2),
(5, 1),
(5, 2),
(5, 3),
(5, 4);

--
-- Index pour les tables déchargées
--

--
-- Index pour la table `role`
--
ALTER TABLE `role`
  ADD PRIMARY KEY (`role_id`);

--
-- Index pour la table `user`
--
ALTER TABLE `user`
  ADD PRIMARY KEY (`user_id`);

--
-- Index pour la table `user_role`
--
ALTER TABLE `user_role`
  ADD KEY `user_id` (`user_id`,`role_id`) USING BTREE,
  ADD KEY `UK_it77eq964jhfqtu54081ebtio` (`role_id`) USING BTREE;

--
-- AUTO_INCREMENT pour les tables déchargées
--

--
-- AUTO_INCREMENT pour la table `role`
--
ALTER TABLE `role`
  MODIFY `role_id` int(11) NOT NULL AUTO_INCREMENT, AUTO_INCREMENT=5;

--
-- AUTO_INCREMENT pour la table `user`
--
ALTER TABLE `user`
  MODIFY `user_id` int(11) NOT NULL AUTO_INCREMENT, AUTO_INCREMENT=6;

--
-- Contraintes pour les tables déchargées
--

--
-- Contraintes pour la table `user_role`
--
ALTER TABLE `user_role`
  ADD CONSTRAINT `FK859n2jvi8ivhui0rl0esws6o` FOREIGN KEY (`user_id`) REFERENCES `user` (`user_id`),
  ADD CONSTRAINT `FKa68196081fvovjhkek5m97n3y` FOREIGN KEY (`role_id`) REFERENCES `role` (`role_id`);
COMMIT;

/*!40101 SET CHARACTER_SET_CLIENT=@OLD_CHARACTER_SET_CLIENT */;
/*!40101 SET CHARACTER_SET_RESULTS=@OLD_CHARACTER_SET_RESULTS */;
/*!40101 SET COLLATION_CONNECTION=@OLD_COLLATION_CONNECTION */;
